job_title,company,job_location,job_skills,job_link,cluster,nome_cluster,score_similaridade,score_percentual,ranking,categoria_compatibilidade,id_usuario,nome,titulo_postagem
Business Intelligence Lead,Hexaware Technologies,"Chicago, IL","Power BI, Power BI Desktop, Power BI Services, SQL Server, Dimensional Modeling, Reporting Tools, Data Visualization, Business Intelligence, Team Lead, Communication Skills, Power BI Development, SQL, Database Sources, Databases",https://www.linkedin.com/jobs/view/business-intelligence-lead-at-hexaware-technologies-3806821971,2,Data / BI / Analytics,0.4975380442124421,49.75,4,Moderadamente compatível,1,Ana,Dashboard de vendas em Power BI
Bi Analyst,Intellectt Inc,"Des Plaines, IL","Business System Analyst, SAP, Cognos Report Development, Power BI, DAX, Data Extraction, Data Visualization, Dashboarding, Microsoft Office Suite, Excel, SQL, Operations, Supply Chain Management",https://www.linkedin.com/jobs/view/bi-analyst-at-intellectt-inc-3793661814,2,Data / BI / Analytics,0.44680943285503816,44.68,4,Moderadamente compatível,1,Ana,Dashboard de vendas em Power BI
"Power BI Developer - Remote - GBP40,000",Nigel Frank International,"Peterborough, England, United Kingdom","Power BI, DAX, SQL, Data engineering, Data science, Machine learning, Communication skills, Data visualization, Analytical techniques, Statistical techniques, BI systems, BI processes, DBS, Credit Check",https://uk.linkedin.com/jobs/view/power-bi-developer-remote-gbp40-000-at-nigel-frank-international-3744005628,2,Data / BI / Analytics,0.4170571912593488,41.71,4,Moderadamente compatível,1,Ana,Dashboard de vendas em Power BI
Power BI Developer,Capleo Global,"Jackson, MS","Power BI, SQL, Data modeling, Report creation, Data visualization, Security, Power BI Embedded, Business requirements, Analytics, Reporting, Agile, Scrum, Selfservice reporting, Dashboard tool, Work estimation, Timelines, Interpersonal skills, Communication skills, Multitasking, Teamwork, Analytical skills, Problemsolving skills",https://www.linkedin.com/jobs/view/power-bi-developer-at-capleo-global-3798579476,2,Data / BI / Analytics,0.415083193035961,41.51,4,Moderadamente compatível,1,Ana,Dashboard de vendas em Power BI
Power BI Specialist [Contract Role - May Become Perm],CareVision,"Brisbane, Queensland, Australia","Power BI, Data analysis, DAX language, M query language, Data visualization, ETL processes, Data modelling, Data cleansing, Communication, Collaboration, Analytical skills, Troubleshooting, Power BI certifications",https://au.linkedin.com/jobs/view/power-bi-specialist-contract-role-may-become-perm-at-carevision-3773599477,2,Data / BI / Analytics,0.41113484276553197,41.11,4,Moderadamente compatível,1,Ana,Dashboard de vendas em Power BI
Business Analyst,Strategic Employment Partners (SEP),"Hoffman Estates, IL","IT Business Analyst, Software management, Power BI, Business Analyst, Data Analysis, Data Visualization",https://www.linkedin.com/jobs/view/business-analyst-at-strategic-employment-partners-sep-3793864746,2,Data / BI / Analytics,0.39190007235506163,39.19,3,Pouco compatível,1,Ana,Dashboard de vendas em Power BI
Snow flake architect with AWS,CENTSTONE SERVICES LLC,"New York, NY","Snowflake architecture, SSO, Active Directory, AWS services, Power BI, Azure, Snowflake Iceberg tables, S3, Migration, Dev/Ops, ETL/ELT, BI, Communication, Collaboration, Interpersonal skills",https://www.linkedin.com/jobs/view/snow-flake-architect-with-aws-at-centstone-services-llc-3797427661,2,Data / BI / Analytics,0.38439491176273843,38.44,3,Pouco compatível,1,Ana,Dashboard de vendas em Power BI
Power BI Developer,IT Minds LLC,"Los Angeles, CA","Power BI, DAX, SQL, Azure Databricks, Snowflake, Teradata, MS SQL server, Stored procedures, Data cleansing, Data profiling, Data modeling, Data integration, Data analysis, Data warehouse design, Power BI administration, Workspaces, Data models, Cubes, Power Query, APIs",https://www.linkedin.com/jobs/view/power-bi-developer-at-it-minds-llc-3689095144,2,Data / BI / Analytics,0.36864809105859,36.86,3,Pouco compatível,1,Ana,Dashboard de vendas em Power BI
BI Team Lead,Harnham,"Windsor, MA","BI team leadership, Dashboarding, Client problem understanding, Requirement conversion, Power BI, SQL, Snowflake, ThoughtSpot, ETL processes, Data pipelines, BI platforms, Embedded analytics, Agile team management, Verbal and communication skills, Technical concept explanation",https://www.linkedin.com/jobs/view/bi-team-lead-at-harnham-3801454531,2,Data / BI / Analytics,0.3650970512383631,36.51,3,Pouco compatível,1,Ana,Dashboard de vendas em Power BI
Power BI Data Analyst,Storm4,"Houston, TX","Power BI, Advanced Excel, DAX, SQL, Data Warehousing, Automated reporting, Financial Modelling, Business performance analysis, Data analytics",https://www.linkedin.com/jobs/view/power-bi-data-analyst-at-storm4-3797595294,2,Data / BI / Analytics,0.3613173301650624,36.13,3,Pouco compatível,1,Ana,Dashboard de vendas em Power BI
Java; Big Data; SRE Engineer,"The Dignify Solutions, LLC","St Paul, MN","Java, Big Data, REST, API development",https://www.linkedin.com/jobs/view/java-big-data-sre-engineer-at-the-dignify-solutions-llc-3768004890,2,Data / BI / Analytics,0.43074778870538827,43.07,4,Moderadamente compatível,2,Bruno,API REST para controle de tarefas
Specialist,GSBOA,"Sunnyvale, CA","Automated API tests, API functionality testing, API reliability testing, API performance testing, Manual testing",https://www.linkedin.com/jobs/view/specialist-at-gsboa-3784789475,5,Educação / Treinamento,0.30717678231901946,30.72,3,Pouco compatível,2,Bruno,API REST para controle de tarefas
Engenheiro de Produo-Gerente Operacional,Seleção Engenharia,"Alabama, United States","production management, team leadership, productivity monitoring, engineering, computer skills, cre, production engineering",https://www.linkedin.com/jobs/view/engenheiro-de-produo-gerente-operacional-at-sele%C3%A7%C3%A3o-engenharia-3790231774,5,Educação / Treinamento,0.2993528716262448,29.94,3,Pouco compatível,2,Bruno,API REST para controle de tarefas
Java Architects,Ekodus,"Denver, CO","Java, REST API, AWS, GraphQL, Leadership skills, Architecture skills, Software development experience, Schema design, Caching site, Subscription site, ApolloQL, Java based technologies",https://www.linkedin.com/jobs/view/java-architects-at-ekodus-3675769428,2,Data / BI / Analytics,0.2891789120680282,28.92,3,Pouco compatível,2,Bruno,API REST para controle de tarefas
Specialist,GSBOA,"Sunnyvale, CA","API testing, Automated testing, Load testing, Performance testing, Unit testing",https://www.linkedin.com/jobs/view/specialist-at-gsboa-3744505349,5,Educação / Treinamento,0.28576927061411556,28.58,3,Pouco compatível,2,Bruno,API REST para controle de tarefas
Lead Java Fullstack Developer,KRG Technologies Inc.,"Mississauga, Ontario, Canada","Java, Springboot, Microservices, Angular, JavaScript, CSS, J2EE, Spring, REST API, Devops, Cloud, Junit",https://ca.linkedin.com/jobs/view/lead-java-fullstack-developer-at-krg-technologies-inc-3804376477,5,Educação / Treinamento,0.28258609403720786,28.26,3,Pouco compatível,2,Bruno,API REST para controle de tarefas
Technical Business Analyst,GOSOL,"Melbourne, Victoria, Australia","API management, API strategy, API standards, API integrations, Data analysis, Strategic decisionmaking, Requirement analysis, Software development, Documentation, Risk assessment, Stakeholder engagement, Communication, Leadership, Project management, Business transformation, Digital transformation, Technology transformation",https://au.linkedin.com/jobs/view/technical-business-analyst-at-gosol-3702303862,2,Data / BI / Analytics,0.22933042782877763,22.93,2,Muito pouco compatível,2,Bruno,API REST para controle de tarefas
Gestoría de Permisos Temporal,HEINEKEN MÉXICO,"Reynosa, Tamaulipas, Mexico","Microsoft Office, Ley Estatal y Reglamentos Municipales de Operación Mercantil, Uso de suelo, Gestión de permisos de alcohol, Trámite de multas clausuras ampliaciones e inspecciones de municipio, Integración de expedientes, Comunicación y negociación, Licencia de conducir, Manejo de vehículo estándar, Experiencia en trámites ante dependencias, Conocimiento de la Ley Estatal y Reglamentos Municipales de Operación Mercantil",https://mx.linkedin.com/jobs/view/gestor%C3%ADa-de-permisos-temporal-at-heineken-m%C3%A9xico-3795104297,5,Educação / Treinamento,0.2282419021281184,22.82,2,Muito pouco compatível,2,Bruno,API REST para controle de tarefas
Level 4/Senior Developer Analyst-THPS - Canada,Zortech Solutions,"Toronto, Ontario, Canada","Agile, API Development, API Design, API Gateway, API Platform, Apache Kafka, Bachelor's Degree, Blueprint Documents, Bootstrap, Camel, Computer Science, Data Consolidation, Dev Ops, Detail Design Documents, GWT, HL7 Integration, Health Information Science, Integration Planning, JavaScript, Kong, Kubernetes, Monitoring Tools, Node.js, OpenShift, Portal, REST API, Spring, Splunk, System Analysis, System Design, System Modelling, Technology Selection",https://ca.linkedin.com/jobs/view/level-4-senior-developer-analyst-thps-canada-at-zortech-solutions-3716002445,2,Data / BI / Analytics,0.22650847899855886,22.65,2,Muito pouco compatível,2,Bruno,API REST para controle de tarefas
Medico General,TAO Talent Acquisition,"Hermosillo, Sonora, Mexico","Medicine, Healthcare, Medical consultation, Wound care, Injections, Blood pressure measurement, Medical records, Electronic health records, Electronic signature, Productivity bonuses, Fully equipped office, Personal protective equipment, Sanitization measures, Training, Health insurance, Annual bonus, Vacation time, Quality service bonus, Advanced electronic system",https://mx.linkedin.com/jobs/view/medico-general-at-tao-talent-acquisition-3802311579,5,Educação / Treinamento,0.22032593902205252,22.03,2,Muito pouco compatível,2,Bruno,API REST para controle de tarefas
Diseñador Grafico,NewCity Medical Plaza,"Tijuana, Baja California, Mexico","Visual concept development, Materials production, Interdisciplinary collaboration, Time management, Continuous improvement, Creativity, Technical knowledge, Effective communication, Adaptability, Superior degree, Expert level experience, Graphic design, Art, Design, Creative, Visual elements, Visual strategy, Visual identity, Visual coherence, Graphic materials, Digital materials, Print materials, Marketing teams, Communications teams, Sales teams, Deadlines, Deliverables, Design trends, Technologies, Tools, Innovation, Digital media, Print media, English classes, Opportunity to continue studies",https://mx.linkedin.com/jobs/view/dise%C3%B1ador-grafico-at-newcity-medical-plaza-3804498683,5,Educação / Treinamento,0.3572528855717514,35.73,3,Pouco compatível,3,Carla,Plano de marketing para pequena empresa
Engenheiro de Produo-Gerente Operacional,Seleção Engenharia,"Alabama, United States","production management, team leadership, productivity monitoring, engineering, computer skills, cre, production engineering",https://www.linkedin.com/jobs/view/engenheiro-de-produo-gerente-operacional-at-sele%C3%A7%C3%A3o-engenharia-3790231774,5,Educação / Treinamento,0.30409726281172583,30.41,3,Pouco compatível,3,Carla,Plano de marketing para pequena empresa
Digital Marketing and Analytics Officer - Hybrid,Forward Role Recruitment,"Warrington, England, United Kingdom","Digital Marketing, Analytics, Google Analytics, CMS systems (Kentico), CRM, PPC, Aggregators, SEO principles, Strong communication skills, Attention to detail, Passion for marketing, Teamwork, Positivity, Continuous learning",https://uk.linkedin.com/jobs/view/digital-marketing-and-analytics-officer-hybrid-at-forward-role-recruitment-3802605107,2,Data / BI / Analytics,0.28008321659591084,28.01,3,Pouco compatível,3,Carla,Plano de marketing para pequena empresa
Digital Marketing Executive,Get Recruited,"London, England, United Kingdom","Digital Marketing, Social Media Marketing, Ecommerce Management, Copywriting, Event Management, Microsoft Office, Adobe Photoshop, Adobe Illustrator, Adobe InDesign, PPC, SEO",https://uk.linkedin.com/jobs/view/digital-marketing-executive-at-get-recruited-3799953901,3,Marketing / Conteúdo / Vendas,0.2754912727190665,27.55,3,Pouco compatível,3,Carla,Plano de marketing para pequena empresa
Digital Content Executive,Page Personnel,"Woking, England, United Kingdom","Digital Marketing, Marketing Strategy, Marketing Campaigns, Content Creation, Social Media Management, Market Research, Trade Shows, Previous Marketing Experience, Social Media Experience, DetailOriented, Driver's License",https://uk.linkedin.com/jobs/view/digital-content-executive-at-page-personnel-3675004648,5,Educação / Treinamento,0.2512741158744872,25.13,3,Pouco compatível,3,Carla,Plano de marketing para pequena empresa
Digital Marketing Executive,Career Legal,"City of London, England, United Kingdom","Marketing Strategy, Digital Marketing Campaigns, Brand Awareness, Social Media Monitoring, Website Content Management, Digital Marketing Initiatives, User Behavior Analysis, Google Analytics, WordPress, SEO, PPC, Campaign Content Production, Website Architecture, User Experience Tracking, Outstanding people management, Communication skills, Experience with partners",https://uk.linkedin.com/jobs/view/digital-marketing-executive-at-career-legal-3681010674,2,Data / BI / Analytics,0.24542809410401542,24.54,2,Muito pouco compatível,3,Carla,Plano de marketing para pequena empresa
Gestoría de Permisos Temporal,HEINEKEN MÉXICO,"Reynosa, Tamaulipas, Mexico","Microsoft Office, Ley Estatal y Reglamentos Municipales de Operación Mercantil, Uso de suelo, Gestión de permisos de alcohol, Trámite de multas clausuras ampliaciones e inspecciones de municipio, Integración de expedientes, Comunicación y negociación, Licencia de conducir, Manejo de vehículo estándar, Experiencia en trámites ante dependencias, Conocimiento de la Ley Estatal y Reglamentos Municipales de Operación Mercantil",https://mx.linkedin.com/jobs/view/gestor%C3%ADa-de-permisos-temporal-at-heineken-m%C3%A9xico-3795104297,5,Educação / Treinamento,0.2430394036566281,24.3,2,Muito pouco compatível,3,Carla,Plano de marketing para pequena empresa
Medico General,TAO Talent Acquisition,"Hermosillo, Sonora, Mexico","Medicine, Healthcare, Medical consultation, Wound care, Injections, Blood pressure measurement, Medical records, Electronic health records, Electronic signature, Productivity bonuses, Fully equipped office, Personal protective equipment, Sanitization measures, Training, Health insurance, Annual bonus, Vacation time, Quality service bonus, Advanced electronic system",https://mx.linkedin.com/jobs/view/medico-general-at-tao-talent-acquisition-3802311579,5,Educação / Treinamento,0.23729824017971796,23.73,2,Muito pouco compatível,3,Carla,Plano de marketing para pequena empresa
Digital Marketing Manager,Digital Waffle,"Nottingham, England, United Kingdom","Digital Marketing, SEO, Paid Advertising, CRM, Email Marketing, SMS Marketing, Print Marketing, Social Media Advertising, Facebook, Instagram, Twitter, Pinterest, TikTok, LinkedIn, CRO, Copywriting, Attention to Detail, Organisational Skills, Prioritisation, Motivation, Drive, Enthusiasm, Pressure Handling",https://uk.linkedin.com/jobs/view/digital-marketing-manager-at-digital-waffle-3798640509,3,Marketing / Conteúdo / Vendas,0.2360703036115289,23.61,2,Muito pouco compatível,3,Carla,Plano de marketing para pequena empresa
Capitan de mesero de banquetes,NewCity Medical Plaza,"Tijuana, Baja California, Mexico","Leadership, Conversational English, Excellent attitude, Proven experience, Excellent presentation, Empathy, Customer service, Hospitality",https://mx.linkedin.com/jobs/view/capitan-de-mesero-de-banquetes-at-newcity-medical-plaza-3778956891,5,Educação / Treinamento,0.2360390302502105,23.6,2,Muito pouco compatível,3,Carla,Plano de marketing para pequena empresa
Principal Machine Learning Scientist,X4 Life Sciences,"New York, United States","Machine learning, Cheminformatics, Predictive modeling, Toxicity, ADMET, Data preprocessing, Feature engineering, Chemical datasets, Virtual screening, Drug discovery, Integration, Collaboration, Communication, Python, TensorFlow, Problemsolving, Multidisciplinary, Programming",https://www.linkedin.com/jobs/view/principal-machine-learning-scientist-at-x4-life-sciences-3805407099,2,Data / BI / Analytics,0.33496327766506506,33.5,3,Pouco compatível,4,Diego,Modelo de machine learning para previsão de notas
Lead Engineer - Machine Learning - World Renowned AI Company - Remote Work,CryptoRecruit,"San Francisco, CA","Machine Learning, Artificial Intelligence, Python, Tensorflow, PyTorch, Scikitlearn, Deep Learning, Neural Networks, Cloud Computing, AWS, GCP, Azure, ProblemSolving, Critical Thinking, Communication",https://www.linkedin.com/jobs/view/lead-engineer-machine-learning-world-renowned-ai-company-remote-work-at-cryptorecruit-3785358853,2,Data / BI / Analytics,0.323831336163899,32.38,3,Pouco compatível,4,Diego,Modelo de machine learning para previsão de notas
Senior Machine Learning Engineer - AI,Recruiting from Scratch,"Providence, RI","Machine Learning Model Development, Data Preparation, Feature Engineering, Algorithm Selection, Model Evaluation, Deployment, Monitoring and Maintenance, Python, TensorFlow, PyTorch, Deep Learning, Data Manipulation, Feature Engineering, Model Deployment, Containerization, Orchestration, Docker, Kubernetes, Computer Science, Machine Learning, Artificial Intelligence",https://www.linkedin.com/jobs/view/senior-machine-learning-engineer-ai-at-recruiting-from-scratch-3744395689,2,Data / BI / Analytics,0.31895305768389137,31.9,3,Pouco compatível,4,Diego,Modelo de machine learning para previsão de notas
Engenheiro de Produo-Gerente Operacional,Seleção Engenharia,"Alabama, United States","production management, team leadership, productivity monitoring, engineering, computer skills, cre, production engineering",https://www.linkedin.com/jobs/view/engenheiro-de-produo-gerente-operacional-at-sele%C3%A7%C3%A3o-engenharia-3790231774,5,Educação / Treinamento,0.3173726271289494,31.74,3,Pouco compatível,4,Diego,Modelo de machine learning para previsão de notas
Data Scientist,iTech Solutions,"San Jose, CA","Data Science, Statistical Modeling, Machine Learning, Python, Statistics, Business Acumen, Data Analysis, Problem Solving, Critical Thinking, Communication, 10+ Years of Experience",https://www.linkedin.com/jobs/view/data-scientist-at-itech-solutions-3714398515,2,Data / BI / Analytics,0.30698654888567045,30.7,3,Pouco compatível,4,Diego,Modelo de machine learning para previsão de notas
Senior Machine Learning Engineer - AI,Recruiting from Scratch,"Miami, FL","Machine Learning, Data Preparation, Feature Engineering, Algorithm Selection, Model Evaluation, Deployment, Monitoring and Maintenance, Bachelor's Degree, 5 Years Experience, Programming Languages, TensorFlow, PyTorch, Deep Learning, Data Manipulation, Preprocessing, Model Deployment, Docker, Kubernetes",https://www.linkedin.com/jobs/view/senior-machine-learning-engineer-ai-at-recruiting-from-scratch-3744393175,2,Data / BI / Analytics,0.30046713878921344,30.05,3,Pouco compatível,4,Diego,Modelo de machine learning para previsão de notas
Data Scientist (USA),Trexquant Investment LP,"Stamford, CT","Data analysis, Data parsing, Data visualization, Machine learning, Quantitative strategies, Data sources management, Pattern recognition, Derived variables, Statistical analysis, Linux, Bash, Python, SQL, Collaborative environment, Decisionmaking, Leadership, Healthcare, Insurance",https://www.linkedin.com/jobs/view/data-scientist-usa-at-trexquant-investment-lp-3590312323,2,Data / BI / Analytics,0.28687951880469614,28.69,3,Pouco compatível,4,Diego,Modelo de machine learning para previsão de notas
Embedded Systems Lead,Advanced Technology Search,"Lehigh County, PA","Embedded Systems Engineer, Embedded/Firmware, C/C++, Python, System architecture, FPGA, PCB, Hardware",https://www.linkedin.com/jobs/view/embedded-systems-lead-at-advanced-technology-search-3805277065,2,Data / BI / Analytics,0.2747234154694225,27.47,3,Pouco compatível,4,Diego,Modelo de machine learning para previsão de notas
Data Analyst,Adame Services LLC,"Elk Grove, CA","Tableau, SQL, Visualizations, Machine Learning (Optional)",https://www.linkedin.com/jobs/view/data-analyst-at-adame-services-llc-3676687484,5,Educação / Treinamento,0.2729926896394418,27.3,3,Pouco compatível,4,Diego,Modelo de machine learning para previsão de notas
Senior Speech Recognition Engineer,Gridspace,"Los Angeles, CA","Neural Speech Recognition Architectures, ASR, Machine Learning, NLP, Natural Language Processing, Statistical Modeling, Software Engineering, Data Augmentation, Deployment, Productionization, Systems Programming, Linguistics, Acoustics, Signal Processing, Youtube, Gridspace",https://www.linkedin.com/jobs/view/senior-speech-recognition-engineer-at-gridspace-3394476046,2,Data / BI / Analytics,0.2580906840019013,25.81,3,Pouco compatível,4,Diego,Modelo de machine learning para previsão de notas
Senior UI/UX Designer and Developer,TekIntegral,"Brooklyn, NY","UI/UX Design, HTML, CSS, JavaScript, jQuery, Adobe XD, Sketch, InVision, User Research, Journey Maps, Personas, Prototyping, Frontend Development, Responsive Web Design, WCAG 2.0, HumanCentered Design, MVC, Design Patterns",https://www.linkedin.com/jobs/view/senior-ui-ux-designer-and-developer-at-tekintegral-3757821561,2,Data / BI / Analytics,0.46587556912508626,46.59,4,Moderadamente compatível,5,Elisa,Protótipo de aplicativo educacional
UX Designer (Mid-level),Global Information Technology,"Southfield, MI","UX design, UI design, User research, Content strategy, Engineering, Project management, Collaboration, Communication, Storytelling, Data analysis, Sketching, Wireframing, Prototyping, Documentation, Teamwork, Cooperation, Partnerships, Figma, Sketch, Rally",https://www.linkedin.com/jobs/view/ux-designer-mid-level-at-global-information-technology-3716487497,2,Data / BI / Analytics,0.4320308153949852,43.2,4,Moderadamente compatível,5,Elisa,Protótipo de aplicativo educacional
UI/UX Designer,UNIS,"Buena Park, CA","UI/UX Design, Web Design, Mobile Design, UserCentered Design, Wireframing, Prototyping, Visual Design, Sketch, Figma, Adobe XD, Invision, Data Visualization, Dashboard Design, Webflow, Tailwind CSS, AI Tools, Midjourney, Stable Diffsion, Chat GPT, AutoGPT, BabyAGI, Design Systems, Figma, Logistics, Supply Chain Management, Supply Chain Systems, Collaboration, Communication",https://www.linkedin.com/jobs/view/ui-ux-designer-at-unis-3794992429,2,Data / BI / Analytics,0.3836097411757299,38.36,3,Pouco compatível,5,Elisa,Protótipo de aplicativo educacional
Product Designer -,TekIntegral,"Plano, TX","UI Design, Visual Design, Commerce, Portfolio, Content Strategy, Content Design, UX Writing, User Interfaces, Desktop, Cloud Services, Mobile, Figma, Sketch, InVision",https://www.linkedin.com/jobs/view/product-designer-at-tekintegral-3692191831,2,Data / BI / Analytics,0.3671240167872326,36.71,3,Pouco compatível,5,Elisa,Protótipo de aplicativo educacional
Volunteer: UX | UI DESIGNER NEEDED FOR NEW LIVE-LEARNING PLATFORM!,8Billionminds,"London, England, United Kingdom","UX/UI design, Web design, Frontend development, Backend development, Software development, Agile methodology, Scrum, Kanban, Git, GitHub, Jira, Trello, Asana, Slack, Google Suite, Microsoft Office, Teamwork, Communication skills, Problemsolving skills, Critical thinking skills, Creativity, Innovation, Motivation, Passion for education, Commitment to social change",https://uk.linkedin.com/jobs/view/volunteer-ux-ui-designer-needed-for-new-live-learning-platform%21-at-8billionminds-3803990557,5,Educação / Treinamento,0.355547303976275,35.55,3,Pouco compatível,5,Elisa,Protótipo de aplicativo educacional
UX Designer (NY-Onsite),SoftHQ Inc,"Bethpage, NY","UX Design, Web application, Mobile application, Video services/streaming, 10foot user interface, 10+ years of experience",https://www.linkedin.com/jobs/view/ux-designer-ny-onsite-at-softhq-inc-3795888387,5,Educação / Treinamento,0.3256362907923623,32.56,3,Pouco compatível,5,Elisa,Protótipo de aplicativo educacional
Senior OSS Developer,TechStar Group,"Tampa, FL","Fiber, 5G, Layer 2, Layer 3, IP, Network Elements, Network Service Delivery, Activation, Capacity Management, Customer Service Provisioning, Design and assign, Network and Equipment Inventory, Topology, Network Configuration, Java, Azure, ServiceNow, Orchestration, Workflow, TM Forum APIs, DevOps, Agile, UI Development, UX Development, HTML, Angular, React",https://www.linkedin.com/jobs/view/senior-oss-developer-at-techstar-group-3787886394,2,Data / BI / Analytics,0.32131169560193273,32.13,3,Pouco compatível,5,Elisa,Protótipo de aplicativo educacional
Graphic Designer 3 (17987-1,"Systemart, LLC","Bellingham, WA","Interaction Design, Visual Design, Graphic Design, UX (User Experience), Figma, Microsoft (MSFT), Digital UX tools, MWF, Azure, Design systems, Crossdisciplinary design team, Customer journey innovation, Presentation skills, Communication skills, Creativity, Problemsolving skills, Adobe publishing and graphics software, UI Design, Cloud marketing web pages, UX standards, Design platforms, Design system, Prototyping, User goals, UX guidelines, Feedback, Critique, Project goals, Experience strategy, Collaboration, Web Marketing, Frontend development, Backend development",https://www.linkedin.com/jobs/view/graphic-designer-3-17987-1-at-systemart-llc-3793800504,2,Data / BI / Analytics,0.30535305480543884,30.54,3,Pouco compatível,5,Elisa,Protótipo de aplicativo educacional
UX Front End Designer,Procom,"Edmonton, Alberta, Canada","Frontend design, UI/UX design, Prototyping, Wireframing, Design patterns, Style guides, Accessibility, Agile methodology, Sprint planning, Sprint review, Demos, Retrospectives, Usability testing, Crossfunctional teams, Component libraries, Design systems",https://ca.linkedin.com/jobs/view/ux-front-end-designer-at-procom-3790410089,2,Data / BI / Analytics,0.3008316969973256,30.08,3,Pouco compatível,5,Elisa,Protótipo de aplicativo educacional
UX Designer,Innovative Defense Technologies (IDT),"Mount Laurel, NJ","UX Design, Figma, FigJam, Enterpriselevel applications, Design System, User stories, Acceptance criteria, Design artifacts, Application architecture, Feature sets, User Interface (UI), User Experience (UX), Adobe XD/Illustrator, Sketch, Accessibility guidelines, Agile software development processes, Jira, Git, Human factors, Humancentered design, Industrial design, Cognitive psychology, Iconography, Typography, Problemsolving, Verbal communication, Written communication, Independent work, Teamwork, Analytical abilities, Ownership, Urgency, Drive",https://www.linkedin.com/jobs/view/ux-designer-at-innovative-defense-technologies-idt-3715195172,2,Data / BI / Analytics,0.2962678404712704,29.63,3,Pouco compatível,5,Elisa,Protótipo de aplicativo educacional
Java; Big Data; SRE Engineer,"The Dignify Solutions, LLC","St Paul, MN","Java, Big Data, REST, API development",https://www.linkedin.com/jobs/view/java-big-data-sre-engineer-at-the-dignify-solutions-llc-3768004890,2,Data / BI / Analytics,0.5175807449756112,51.76,4,Moderadamente compatível,6,Felipe,Sistema CRUD em Java
Java/C# Developer,Accroid Inc,"Portland, OR","Java, C#, Swing, Zebra SDK, HID printer SDK, Software development, Design, Coding, Testing, Debugging, Smartcards, Credit card readers",https://www.linkedin.com/jobs/view/java-c%23-developer%C2%A0-at-accroid-inc-3788123891,2,Data / BI / Analytics,0.4308283283269003,43.08,4,Moderadamente compatível,6,Felipe,Sistema CRUD em Java
Lead Java Fullstack Developer,KRG Technologies Inc.,"Mississauga, Ontario, Canada","Java, Springboot, Microservices, Angular, JavaScript, CSS, J2EE, Spring, REST API, Devops, Cloud, Junit",https://ca.linkedin.com/jobs/view/lead-java-fullstack-developer-at-krg-technologies-inc-3804376477,5,Educação / Treinamento,0.4222023027045845,42.22,4,Moderadamente compatível,6,Felipe,Sistema CRUD em Java
Java full stack developer-MI/NC,iTech Solutions,"Southfield, MI","Java, SQL, Spring, Hibernate, Java 8, ORM, SOAP, RESTful web services, Agile, JMeter, Ant, Maven, Gradle, npm, Webpack, Gulp, Bower, Git, Jenkins, LESS, Production support, Troubleshooting, Project development, Testing lifecycle",https://www.linkedin.com/jobs/view/java-full-stack-developer-mi-nc-at-itech-solutions-3714394703,2,Data / BI / Analytics,0.3948723687544342,39.49,3,Pouco compatível,6,Felipe,Sistema CRUD em Java
Java Lead Developer,"Sunrise Systems, Inc.","Los Angeles, CA","Java, Spring Framework, Healthcare Domain, Leadership, Communication Skills, Teamwork, Organization Skills, Java Lead Developer",https://www.linkedin.com/jobs/view/java-lead-developer-at-sunrise-systems-inc-3647000273,5,Educação / Treinamento,0.36207178449410654,36.21,3,Pouco compatível,6,Felipe,Sistema CRUD em Java
IntelliJ SDK Engineer,VeeAR Projects Inc.,"Austin, TX","Intellij plugin development, JetBrains plugin SDK, Java, Kotlin, Swing, JetBrains/Intellij Plugins SDK, Code Completion/Suggestions, Best coding practices, JetBrains Family of IDE's internal architecture",https://www.linkedin.com/jobs/view/intellij-sdk-engineer-at-veear-projects-inc-3741390334,2,Data / BI / Analytics,0.34863931306696094,34.86,3,Pouco compatível,6,Felipe,Sistema CRUD em Java
Angular4 Developer,Vodastra Technologies,"Columbus, OH","Angular4, SQL Server, Java EE, JAX RS, SpringBoot, Maven",https://www.linkedin.com/jobs/view/angular4-developer-at-vodastra-technologies-3788047054,5,Educação / Treinamento,0.34503941002669125,34.5,3,Pouco compatível,6,Felipe,Sistema CRUD em Java
Java Full stack Developer w/d strong Angular Exp,"Donato Technologies, Inc.","Jersey City, NJ","Java, Angular (Version 14 or above), HTML, CSS, JavaScript, TypeScript, Angular Core Concepts, rxjs, AgGrid, Angular Material, Karma, Jasmine, Java Fundamentals, Spring Boot, Microservices, GIT, Sourcetree/TortoizeGit, Agile Fundaments, JIRA",https://www.linkedin.com/jobs/view/java-full-stack-developer-w-d-strong-angular-exp-at-donato-technologies-inc-3707615128,5,Educação / Treinamento,0.3152654426662103,31.53,3,Pouco compatível,6,Felipe,Sistema CRUD em Java
Sr. Java Developer,"UrBench, LLC","Austin, TX","Java, Java Enterprise Edition (JEE) Platform, Spring Framework, Java RESTful web services, JSON, Unit testing, System testing, JPA, Hibernate, Oracle Database, AJAX, ReactJS, Node.js, GitLab, Maven, Ansible, Cloud deployment, Reporting, Jasper, Power BI, Serverless functions, Jersey, ThymeLeaf, Visual Studio Code, Responsive Design, Prototyping",https://www.linkedin.com/jobs/view/sr-java-developer-at-urbench-llc-3737363596,2,Data / BI / Analytics,0.31191451090067407,31.19,3,Pouco compatível,6,Felipe,Sistema CRUD em Java
Java developer,Incorporan Inc,"Parsippany, NJ","Java, JEE, AWS, Angular, Agile, Leading Teams, Software Development, Software Engineering, Production Systems, AWS Certifications",https://www.linkedin.com/jobs/view/java-developer-at-incorporan-inc-3768033600,2,Data / BI / Analytics,0.3109960265153706,31.1,3,Pouco compatível,6,Felipe,Sistema CRUD em Java
Senior Software Engineer,Accroid Inc,"Dallas, TX","Cloud Security, Terraform, Git, Python, Go, NextGen PaC",https://www.linkedin.com/jobs/view/senior-software-engineer-at-accroid-inc-3764181856,2,Data / BI / Analytics,0.3412314655867585,34.12,3,Pouco compatível,7,Gabriela,Análise exploratória de dados públicos
生物信息学（研究员）,Asymchem Group,"Tianjin, Tianjin, China","Metabolic network modeling, Metabolic pathway analysis, Metabolic pathway design, Multiomics databases, Omics data analysis, R, Python, Matlab, English reading and writing, Scientific paper reading and writing",https://cn.linkedin.com/jobs/view/%E7%94%9F%E7%89%A9%E4%BF%A1%E6%81%AF%E5%AD%A6%EF%BC%88%E7%A0%94%E7%A9%B6%E5%91%98%EF%BC%89-at-asymchem-group-3758695495,2,Data / BI / Analytics,0.33439873388282637,33.44,3,Pouco compatível,7,Gabriela,Análise exploratória de dados públicos
Emulation Palladium Engineers,Mirafra Technologies,"Mountain View, CA","Synopsys Zebu, SoC, IP, Transactors, Emulation, Automation, C/C++, Python, Shell scripting",https://www.linkedin.com/jobs/view/emulation-palladium-engineers-at-mirafra-technologies-3790332816,2,Data / BI / Analytics,0.29698308971764764,29.7,3,Pouco compatível,7,Gabriela,Análise exploratória de dados públicos
Observability Engineer,Singleton Group,Denver Metropolitan Area,"Observability Engineer, Site Reliability Engineer, Grafana, Prometheus, Python, Automation, Infrastructure Management",https://www.linkedin.com/jobs/view/observability-engineer-at-singleton-group-3806826089,2,Data / BI / Analytics,0.2847813807381126,28.48,3,Pouco compatível,7,Gabriela,Análise exploratória de dados públicos
Lead Python/AWS Developer,Verdant Infotech Solutions,"Copper Canyon, TX","Python, AWS, AI, Client project experience, Investment domain expertise",https://www.linkedin.com/jobs/view/lead-python-aws-developer-at-verdant-infotech-solutions-3798578812,2,Data / BI / Analytics,0.27223806249337174,27.22,3,Pouco compatível,7,Gabriela,Análise exploratória de dados públicos
DevOps Engineer,iTech Solutions,"Massachusetts, United States","DevOps, OpenShift 3.x / 4.x, RHEL 7.x / coreOS, Database (DB2 Netezza), Scripting (Python), RHCE/RHCA/RHCSA or RHEL certified, OpenShift Administration/Development, Kubernets, Openshift/Docker/Podman, Python",https://www.linkedin.com/jobs/view/devops-engineer-at-itech-solutions-3714396779,2,Data / BI / Analytics,0.26695394344257384,26.7,3,Pouco compatível,7,Gabriela,Análise exploratória de dados públicos
"Python Developer Phoenix, AZ ( Onsite day 1 )","Conch Technologies, Inc","Phoenix, AZ","Python, Bash scripting, Data manipulation, Test scripting, Linux environments, CI/CD orchestration, Data structures",https://www.linkedin.com/jobs/view/python-developer-phoenix-az-onsite-day-1-at-conch-technologies-inc-3766004992,5,Educação / Treinamento,0.26684506788435514,26.68,3,Pouco compatível,7,Gabriela,Análise exploratória de dados públicos
"Python Developer Phoenix, AZ ( Onsite day 1 )","Conch Technologies, Inc","Phoenix, AZ","Python, Bash scripting, Data manipulation, Test scripting, Linux environments, Data structures, Orchestration, CI/CD",https://www.linkedin.com/jobs/view/python-developer-phoenix-az-onsite-day-1-at-conch-technologies-inc-3760854487,5,Educação / Treinamento,0.26684506788435514,26.68,3,Pouco compatível,7,Gabriela,Análise exploratória de dados públicos
QA Lead,Enexus Global Inc.,"Berkeley Heights, NJ","Software Testing, Automation, Scripting, Python",https://www.linkedin.com/jobs/view/qa-lead-at-enexus-global-inc-3770628916,2,Data / BI / Analytics,0.2625221602248789,26.25,3,Pouco compatível,7,Gabriela,Análise exploratória de dados públicos
Sr. Cybersecurity Specialist,Intellectt Inc,"Saint Paul Church, MN","Cybersecurity, Splunk, Python, C/C#, API, GIAC, GCIH, GSEC, GCFA, GREM, Programming skills",https://www.linkedin.com/jobs/view/sr-cybersecurity-specialist-at-intellectt-inc-3734763551,5,Educação / Treinamento,0.25398826814176506,25.4,3,Pouco compatível,7,Gabriela,Análise exploratória de dados públicos
"MID LEVEL WEB DEVELOPER,",Steneral Consulting,"Pompano Beach, FL","PHP, HTML, CSS, JavaScript, Linux, MongoDB, ERP systems, SQL, Web development, Backend development, Frontend development, UI design, Troubleshooting, Debugging, Optimization, Collaboration, Problemsolving, Communication, Teamwork, Attention to detail, Ability to learn quickly, Ability to work independently and as part of a team, Ability to meet deadlines, Ability to work under pressure",https://www.linkedin.com/jobs/view/mid-level-web-developer-at-steneral-consulting-3779893972,2,Data / BI / Analytics,0.42914289543075296,42.91,4,Moderadamente compatível,8,Henrique,Landing page responsiva
Senior Frontend Developer,Zortech Solutions,"Toronto, Ontario, Canada","Javascript, ES6, HTML, CSS, JavaScript, TypeScript, React, REST, Webpack, Rollup, Babel, Playwright, Cypress, Agile, AWS",https://ca.linkedin.com/jobs/view/senior-frontend-developer-at-zortech-solutions-3787442572,2,Data / BI / Analytics,0.4169820847636523,41.7,4,Moderadamente compatível,8,Henrique,Landing page responsiva
Frontend Developer,Futran Solutions,"Newark, NJ","React JS, Javascript, HTML, CSS, Agile development process, Oracle, Unit testing, SDLC process, Wireframes, UI Mockups, DevOps",https://www.linkedin.com/jobs/view/frontend-developer-at-futran-solutions-3803810829,2,Data / BI / Analytics,0.41039348533285613,41.04,4,Moderadamente compatível,8,Henrique,Landing page responsiva
Senior PHP Developer,MindPal,"Henderson, NV","PHP Programming, Laravel, Symfony, Zend Framework, MySQL, PostgreSQL, MongoDB, HTML, CSS, JavaScript, Vue.js, React, Git, Version Control, Debugging, Performance Optimization, English Fluency",https://www.linkedin.com/jobs/view/senior-php-developer-at-mindpal-3764987318,2,Data / BI / Analytics,0.3682034415428591,36.82,3,Pouco compatível,8,Henrique,Landing page responsiva
Frontend Developer,Noir,"Doncaster, England, United Kingdom","Front End Development, HTML, CSS, JavaScript, jQuery, Bootstrap 4/5 framework, Adobe CS products, C#, Clientside HTML, JavaScript, jQuery, CSS, Design agencies, Internal/external product developers, Liaising, Meetings, Business development",https://uk.linkedin.com/jobs/view/frontend-developer-at-noir-3805784293,2,Data / BI / Analytics,0.36477902439665966,36.48,3,Pouco compatível,8,Henrique,Landing page responsiva
Senior PHP Developer,MindPal,"Birmingham, AL","PHP programming, Web application development, Backend development, Databases (MySQL PostgreSQL MongoDB), Frontend technologies (HTML CSS JavaScript), Frameworks (Laravel Symfony Zend Framework Vue.js React), Version control (Git), Troubleshooting, Code analysis, Performance optimization, English (spoken and written)",https://www.linkedin.com/jobs/view/senior-php-developer-at-mindpal-3764991069,2,Data / BI / Analytics,0.35676341910418713,35.68,3,Pouco compatível,8,Henrique,Landing page responsiva
Senior UI/UX Designer and Developer,TekIntegral,"Brooklyn, NY","UI/UX Design, HTML, CSS, JavaScript, jQuery, Adobe XD, Sketch, InVision, User Research, Journey Maps, Personas, Prototyping, Frontend Development, Responsive Web Design, WCAG 2.0, HumanCentered Design, MVC, Design Patterns",https://www.linkedin.com/jobs/view/senior-ui-ux-designer-and-developer-at-tekintegral-3757821561,2,Data / BI / Analytics,0.3286159930858844,32.86,3,Pouco compatível,8,Henrique,Landing page responsiva
SQL Server Developer,Keylent Inc,"Dallas, TX","SQL Server, C#, .Net, .Net Core, Javascript, Angular, Bootstrap, MVVM, SPA, REST API, ODATA, TSQL, Microservices, ORMs, Entity Framework, HTML, CSS, Git, Full stack web development, Responsive web apps, Data warehousing, Data mining, Clinical, Billing, Health care, Bachelor's degree, Computer Science, Information Systems, Health Care Administration, Business, Critical thinking, Analytical skills",https://www.linkedin.com/jobs/view/sql-server-developer-at-keylent-inc-3768058599,2,Data / BI / Analytics,0.31698527314192043,31.7,3,Pouco compatível,8,Henrique,Landing page responsiva
React JS Developer,Mphasis,"Houston, TX","React JS, JavaScript libraries, HTML5, React Hooks & Redux, jQuery AJAX, HTML, CSS, JavaScript, Preprocessors, SASS/LESS, AJAX, SOAP, REST, Document Object Model (DOM), Event Handling Models, Listener, Dispatcher, Eclipse, Visual Studio, Notepad++, IntelliJ, Sublime Text 3, ATOM, Net Beans, WebStorm, Brackets, Java, CI/CD, Jenkins, AWS DevOps, Azure DevOps, GitHub actions, Maven, Gradle, Agile, Scrum, GitHub, Unit Testing",https://www.linkedin.com/jobs/view/react-js-developer-at-mphasis-3800599363,2,Data / BI / Analytics,0.31629450929138947,31.63,3,Pouco compatível,8,Henrique,Landing page responsiva
JavaScript Programmer for Video Surveillance System,PTW,"Norfolk, VA","JavaScript, HTML, CSS, AngularJS, React, CSS3, HTML5, Object Oriented Design, Web service programming, SOA, SOAP, REST, Video codecs, MJPEG, MPEG4 Part 2, H.264, Multimedia streaming, RTSP, Progressive download, Network programming, TCP, UDP, Unicast, Multicast, Code samples, Portfolio of designs, Contributions to open source projects, GitHub, Computer Science, Engineering, 5+ years of experience, Enterprise JavaScript applications, Agile software development process, Feature design, Coding practices for code reuse and standardization, Time and resource estimates, Risk identification and mitigation strategies, Familiarity with JavaScript frameworks, Familiarity with CSS3 and HTML5, Object Oriented design background, Web service programming experience, Concern for quality engineering, Experience building scalable web applications, Bachelor's Degree in Computer Science Engineering or related discipline",https://www.linkedin.com/jobs/view/javascript-programmer-for-video-surveillance-system-at-ptw-3734614861,2,Data / BI / Analytics,0.3157106420962778,31.57,3,Pouco compatível,8,Henrique,Landing page responsiva
Physician,Spartanburg Regional Healthcare System,"Spartanburg, SC",Senior Physician Recruiter,https://www.linkedin.com/jobs/view/physician-at-spartanburg-regional-healthcare-system-3647702943,5,Educação / Treinamento,0.20030765911231246,20.03,2,Muito pouco compatível,9,Isabela,Plano de aula com metodologias ativas
Asesores de Venta,Avvio - mens en wonen,"Querétaro, Querétaro, Mexico","Communication skills, Team work, Sales skills, Experience in sales, Bachelor's degree, Consar certification, Financial services industry, Sales department, Job posting, Talenteca.com",https://mx.linkedin.com/jobs/view/asesores-de-venta-at-avvio-mens-en-wonen-3793900137,5,Educação / Treinamento,0.1969382632761485,19.69,2,Muito pouco compatível,9,Isabela,Plano de aula com metodologias ativas
Gestor de Ventas especialista en cierre y negociación,Grupo Gayosso,"Mexicali, Baja California, Mexico","Sales, Negotiation, Closing sales, Handling objections, Lead generation, Scheduling appointments, Following up, Advising, Reviewing contracts, Public speaking",https://mx.linkedin.com/jobs/view/gestor-de-ventas-especialista-en-cierre-y-negociaci%C3%B3n-at-grupo-gayosso-3741830402,5,Educação / Treinamento,0.19629778781453303,19.63,2,Muito pouco compatível,9,Isabela,Plano de aula com metodologias ativas
Capitan de mesero de banquetes,NewCity Medical Plaza,"Tijuana, Baja California, Mexico","Leadership, Conversational English, Excellent attitude, Proven experience, Excellent presentation, Empathy, Customer service, Hospitality",https://mx.linkedin.com/jobs/view/capitan-de-mesero-de-banquetes-at-newcity-medical-plaza-3778956891,5,Educação / Treinamento,0.1836638778744251,18.37,2,Muito pouco compatível,9,Isabela,Plano de aula com metodologias ativas
Encuestador de Campo,ManpowerGroup México y Centroamérica,"Chimalhuacán, México, Mexico","Field Surveyor, Public Speaking, Android, Market Research",https://mx.linkedin.com/jobs/view/encuestador-de-campo-at-manpowergroup-m%C3%A9xico-y-centroam%C3%A9rica-3790340209,5,Educação / Treinamento,0.17749270333932385,17.75,2,Muito pouco compatível,9,Isabela,Plano de aula com metodologias ativas
Asesor de ventas (sueldo  comisión SIN TOPE),Grupo Gayosso,"Mexicali, Baja California, Mexico","Sales, Customer service, Negotiation, Communication, Objectivedriven, Professional appearance, High school diploma, Intermediate experience, Commercial / Sales, Individual and Family Services",https://mx.linkedin.com/jobs/view/asesor-de-ventas-sueldo-comisi%C3%B3n-sin-tope-at-grupo-gayosso-3721016549,5,Educação / Treinamento,0.17489551038064222,17.49,2,Muito pouco compatível,9,Isabela,Plano de aula com metodologias ativas
Construction Manager,"Innovative Cleaning Services, LLC.","Lexington, KY",Construction background,https://www.linkedin.com/jobs/view/construction-manager-at-innovative-cleaning-services-llc-3787743448,5,Educação / Treinamento,0.17356149889482814,17.36,2,Muito pouco compatível,9,Isabela,Plano de aula com metodologias ativas
security analyst,Extend Information Systems Inc.,"Arizona, United States","Security Analyst, CIS Benchmarking, CIS Scanning, BigFix Reports, Metrics Reporting, Compliance Reporting",https://www.linkedin.com/jobs/view/security-analyst-at-extend-information-systems-inc-3793669360,5,Educação / Treinamento,0.16420882917211835,16.42,2,Muito pouco compatível,9,Isabela,Plano de aula com metodologias ativas
Secretaria Recepcionista,COOLEENS LIMITED,"Toluca, México, Mexico","Microsoft Office Suite, Photocopying, Scanning, Database Control, Reception of Personnel, Customer Service, Punctual Payments, Minimum Legal Benefits, Social Security, Christmas Bonus, Vacation Bonus, Vacation Time, Meal Vouchers, Indefinite Contract, Receptionist, Administrative, Secretarial, Telecommunications",https://mx.linkedin.com/jobs/view/secretaria-recepcionista-at-cooleens-limited-3807210967,5,Educação / Treinamento,0.1628812078452968,16.29,2,Muito pouco compatível,9,Isabela,Plano de aula com metodologias ativas
"Senior Mainframe Developer :: Parsippany, NJ",TekIntegral,"Parsippany, NJ","Cobol, CICS, DB2, JCL, ChangeMan, Intertest, Xpeditor, Stored Procedures, SyncSort, VSAM, OMEGAMON, FILEAID, ESP Workload Automation, Systems analysis, Application design, Application development, Integration, Maintenance, Support, Emerging technologies, Products",https://www.linkedin.com/jobs/view/senior-mainframe-developer-parsippany-nj-at-tekintegral-3717249549,2,Data / BI / Analytics,0.1624034517170395,16.24,2,Muito pouco compatível,9,Isabela,Plano de aula com metodologias ativas
DevOps Engineer,iTech Solutions,"Massachusetts, United States","DevOps, OpenShift 3.x / 4.x, RHEL 7.x / coreOS, Database (DB2 Netezza), Scripting (Python), RHCE/RHCA/RHCSA or RHEL certified, OpenShift Administration/Development, Kubernets, Openshift/Docker/Podman, Python",https://www.linkedin.com/jobs/view/devops-engineer-at-itech-solutions-3714396779,2,Data / BI / Analytics,0.3699794523459245,37.0,3,Pouco compatível,10,João,Deploy de aplicação com Docker
DevOps Engineer/Lead,"The Dignify Solutions, LLC","Addison, TX","Kubernetes, Azure Cloud, Azure DevOps, Docker, Linux, YAML, Terraform, Helm, Jfrog Artifactory, SonarQube, Veracode, Active Directory, Key vault, DNS, Network Security Group, AKS (Azure Kubernetes Service), App Insights/ monitoring, Service End Point, Private End Point, Identity & Access Management (IAM)",https://www.linkedin.com/jobs/view/devops-engineer-lead-at-the-dignify-solutions-llc-3768013611,2,Data / BI / Analytics,0.357489308708541,35.75,3,Pouco compatível,10,João,Deploy de aplicação com Docker
Devops,"The Dignify Solutions, LLC","Phoenix, AZ","DevOps, CI/CD Pipeline, Jenkins, GitHub, Java 8, Docker, Kafka, Kibana, Build Tools",https://www.linkedin.com/jobs/view/devops-at-the-dignify-solutions-llc-3798614621,5,Educação / Treinamento,0.32594691448108826,32.59,3,Pouco compatível,10,João,Deploy de aplicação com Docker
DevOps Engineer,iTech Solutions,"Maryland, United States","Dev Ops, Ansible, Ansible Tower, Linux administration, Amazon Web Services, Docker, ECS, EKS, Bitbucket, Jenkins, Cloudbees, Terraform, SQL, NoSQL, Java, J2EE, Big data platforms",https://www.linkedin.com/jobs/view/devops-engineer-at-itech-solutions-3714396684,2,Data / BI / Analytics,0.32003501411555246,32.0,3,Pouco compatível,10,João,Deploy de aplicação com Docker
Remote Openshift Engineer,Latitude Inc,"Washington, DC","Red Hat OpenShift, GCP, Linux, Kubernetes, Docker, Ansible, Shell, IaC, Automation, Scripting, Cloudnative, Security, Monitoring",https://www.linkedin.com/jobs/view/remote-openshift-engineer-at-latitude-inc-3800484852,2,Data / BI / Analytics,0.27445548209844645,27.45,3,Pouco compatível,10,João,Deploy de aplicação com Docker
IT Security Analyst - 5,"LanceSoft, Inc.","Scarborough, Ontario, Canada","IT Security Analyst, Enterprise Linux, Windows Operating Systems, Common Network Protocols (TCP/UDP/HTTP/FTP), GCP Build and Architecture, Docker Registries, Containers, Kubernetes Deployment, Terraform, DevOps, Data Discovery, Computer Science, Computer Engineering",https://ca.linkedin.com/jobs/view/it-security-analyst-5-at-lancesoft-inc-3805244874,2,Data / BI / Analytics,0.2726494890929982,27.26,3,Pouco compatível,10,João,Deploy de aplicação com Docker
Senior Site Reliability Engineer,Syrinx Consulting,"Seattle, WA","Terraform, CloudFormation, Docker, Kubernetes, AWS, RDS MySQL, RDS Postgres, RDS Aurora, memcache, Redis, Packer, Mesosphere, etcd, zookeeper, Vagrant, Linux, CI/CD, Cloud computing, Data center, Software development, Systems engineering, Infrastructure automation",https://www.linkedin.com/jobs/view/senior-site-reliability-engineer-at-syrinx-consulting-3674407805,2,Data / BI / Analytics,0.25808874359604217,25.81,3,Pouco compatível,10,João,Deploy de aplicação com Docker
"Senior Software Engineer, DevOps",Jobs for Humanity,"Valparaiso, IN","DevOps Engineering, Cloud Native technologies, Unix, Linux system administration, Terraform, Ansible, Container Orchestration, Docker, Kubernetes, Agile Development Practices, Java, Python, SQL, Ruby, Go, AWS tools and services, Bash, Perl",https://www.linkedin.com/jobs/view/senior-software-engineer-devops-at-jobs-for-humanity-3792092482,2,Data / BI / Analytics,0.2150331394538361,21.5,2,Muito pouco compatível,10,João,Deploy de aplicação com Docker
Senior Data Engineer,"Tech Providers, Inc","Los Angeles, CA","Data Engineering, Data Pipeline Implementation, TransactSQL Development, Python Development, PostgreSQL Administration, Data Lake Environment, Database Design, Database Security, Database Architecture, Docker, Git, GitHub, Apache Airflow Configuration, Apache Airflow Management, Apache Spark, SQL Server Administration, API Knowledge, Grafana, Machine Learning Pipeline Experience, Cloudbased Database Platforms (Azure AWS GCP), Linux Server/Subsystem Experience, YUM and DNF Packages Implementation, Centrify, Collaboration with Data Scientists Application Teams and Project Management Teams",https://www.linkedin.com/jobs/view/senior-data-engineer-at-tech-providers-inc-3806004419,2,Data / BI / Analytics,0.21158312011699973,21.16,2,Muito pouco compatível,10,João,Deploy de aplicação com Docker
Site Reliability Engineer,Freelancer.com,"Sydney, New South Wales, Australia","Linux, MySQL, Nginx, ElasticSearch, Redis, RabbitMQ, Consul, AWS, Terraform, Puppet, Python, Go, PHP, Ruby, Node.js, Security, Incident response, Operating systems, Networking, Systems architecture, Cloud, Virtualization, Containers, Configuration management, Infrastructure orchestration, Chef, Ansible, CloudFormation, Docker, Kubernetes, Docker Swarm, AWS ECS",https://au.linkedin.com/jobs/view/site-reliability-engineer-at-freelancer-com-3792333327,2,Data / BI / Analytics,0.21067103678399973,21.07,2,Muito pouco compatível,10,João,Deploy de aplicação com Docker
